id,date,time,episode,podcast,tags,web,spotify,stitcher,apple podcasts,download
1,2020-06-12,5:30pm - 7:30pm PST,Emotional Currency,Hidden Brain,"relationships,economics,colonialism",https://www.npr.org/2020/01/10/795246685/emotional-currency-how-money-shapes-human-relationships,https://open.spotify.com/episode/5HEiMU3DoDfx4CCuSit2mo?si=nHi-SsczSRiB6LUohD_b_g,https://www.stitcher.com/s?eid=66538174&autoplay=1,https://podcasts.apple.com/us/podcast/emotional-currency/id1028908750?i=1000462406314,https://www.dropbox.com/s/ud2xc3lex5o4142/20200113_hiddenbrain_emotional_currency_mix_4_pm_jan_13_2020-aec72d06-493a-4456-813d-6cd2caccc705.mp3?dl=0
2,2020-06-26,5:30pm - 7:30pm PST,8:46,Dave Chappelle,"racism,civil rights,blm,police",https://www.youtube.com/watch?v=3tR6mKcBbT4,https://open.spotify.com/episode/1aHqiqUZgAeKBi0k4GQ7uP?si=MNz1rMttR7CtIhN2lD3p6w,,https://podcasts.apple.com/us/podcast/lol-comedy-showcase-stand-up-comedy/id1493120432,https://www.dropbox.com/s/cugl7cxd25cmqek/20200626%208_46%20-%20Dave%20Chappelle-3tR6mKcBbT4.mp4?dl=0
3,2020-07-10,5:30pm - 7:30pm PST,Debatable,Radiolab,racism,https://www.wnycstudios.org/podcasts/radiolab/articles/debatable,https://open.spotify.com/episode/0vhm4XJqfPGB9V7Qg8ZDOQ?si=r-yidiNBQ5-HdI3mQEEktA,https://www.stitcher.com/s?eid=43319815&autoplay=1,,https://www.dropbox.com/s/yehwhpin0cqwf94/20200626%20radiolab_podcast16debatable.mp3?dl=0
4,2020-07-24,5:30pm - 7:30pm PST,What Would It Take For You to Come Out?,Where Should We Begin?,"relationships,lgbtq",https://whereshouldwebegin.estherperel.com/episodes/s4-episode2,https://open.spotify.com/episode/7ieJ0GW0UC7vfz1y9oLK1b?si=NJ521cTOSyWg0MBFehsIpw,https://www.stitcher.com/s?eid=75236686&autoplay=1,https://podcasts.apple.com/us/podcast/where-should-we-begin-with-esther-perel/id1237931798#episodeGuid=20570f8e-aff4-11ea-903b-a7d373da18db,
5,2020-08-07,5:30pm - 7:30pm PST,Sven,Heavyweight,"justice,society,law",https://gimletmedia.com/shows/heavyweight/v4he28/,https://open.spotify.com/episode/31KTj6QvGuM5g7VoEkP9Ax?si=RtgGsemtRyipTkhn7JEsLQ,https://www.stitcher.com/s?eid=56781136&autoplay=1,https://itunes.apple.com/us/podcast/id1150800298?at=1000lSb9&ct=gimweb,
6,2020-08-21,5:30pm - 7:30pm PST,"Mikki Kendall Discusses Her New Book: \""Hood Feminism: Notes From The Women A Movement Forgot\""",Coffee and Books,"feminism,racism",https://anchor.fm/coffee-and-books/episodes/Mikki-Kendall-Discusses-Her-New-Book--Hood-Feminism-Notes-From-The-Women-A-Movement-Forgot-ehup52,https://open.spotify.com/show/3jVyh84aqZYEGZDhFTHvOn,https://www.stitcher.com/s?eid=76301834&autoplay=1,https://podcasts.apple.com/us/podcast/coffee-and-books/id1522592619?uo=4,https://www.dropbox.com/s/dj5219t7tpukkrq/20200821%20Mikki%20Kendall%20Discusses%20Her%20New%20Book%2C%20%22Hood%20Feminism_%20Notes%20From%20The%20Women%20A%20Movement%20Forgot%22.mp3?dl=0
7,2020-09-04,5:30pm - 7:30pm PST,The Case of the Missing Hit,Reply All,"music,storytelling,mystery",https://gimletmedia.com/shows/reply-all/o2h8bx,https://open.spotify.com/episode/0CaOGo6xSN51B2aLAQa1kU?si=mmXeSw2vTLyTS6jFHMEtng,https://gimletmedia.com/shows/reply-all/o2h8bx,https://geo.itunes.apple.com/us/podcast/reply-all/id941907967?mt=2&uo=6&at=1000lSb9&ct=gimweb,
8,2020-09-18,5:30pm - 7:30pm PST,Oliver Sipple,Radiolab,"lgbtq,civil rights,privacy",https://www.wnycstudios.org/podcasts/radiolab/articles/oliver-sipple,https://open.spotify.com/episode/3m7A674RKmveJWJsM4nsJK?si=aVLEV6C_S9-BJ9jFiG3zgQ,https://www.stitcher.com/s?eid=51564434&autoplay=1,https://podcasts.apple.com/us/podcast/radiolab/id152249110?i=1000392572333,https://www.dropbox.com/s/3pe2nxydog0fr78/20200918%20radiolab_podcast17oliversipple.mp3?dl=0
9,2020-10-02,5:30pm - 7:30pm PST,Sex Appeal,Radiolab Presents: More Perfect,"civil rights,law,history",https://www.wnycstudios.org/podcasts/radiolabmoreperfect/episodes/sex-appeal,https://open.spotify.com/episode/55umBn50tkX0OxZDOAWlaE?si=gig7PTjMQSm0_HV0ANFhSw,https://www.stitcher.com/s?eid=52326724&autoplay=1,https://podcasts.apple.com/us/podcast/sex-appeal/id1117202653?i=1000395175374,https://www.dropbox.com/s/fogrrnxnxl9qou4/20201002%20moreperfect112317_sexappeal.mp3?dl=0
10,2020-10-16,5:30pm - 7:30pm PST,The Secret History of Thoughts,Invisibilia,"science,psychology",https://www.npr.org/programs/invisibilia/375927143/the-secret-history-of-thoughts,https://open.spotify.com/episode/2WnwqXt5hDmhQl5h9lygyr?si=8IE7zcxXT9mdgEPCRe8f2w,https://www.stitcher.com/s?eid=44414434&autoplay=1,https://podcasts.apple.com/us/podcast/the-secret-history-of-thoughts/id953290300?i=1000330561738,
11,2020-10-30,5:30pm - 7:30pm PST,Father K,Radiolab,"politics,racism",https://www.wnycstudios.org/podcasts/radiolab/articles/father-k,https://open.spotify.com/episode/6LRQnNpoU6dkajiwsCjTJj?si=O-PohnWyQjCxmNmYu7-WWQ,https://www.stitcher.com/s?eid=51803760&autoplay=1,https://podcasts.apple.com/us/podcast/radiolab/id152249110?i=1000393454294,https://www.dropbox.com/s/sm5ps2nxkfsy7ut/20201030%20radiolab_podcast17bayridge.mp3?dl=0
12,2020-11-13,5:30pm - 7:30pm PST,Coach G,Resistance,"racism,blm",https://gimletmedia.com/shows/resistance/40h2j2n/coach-g,https://open.spotify.com/episode/4FID0Ix9w40LlCb7pUFhpR?si=-5ORUz4fSumgUuUJlhXf7w,https://www.stitcher.com/s?eid=78960906&autoplay=1,https://podcasts.apple.com/us/podcast/coach-g/id1533129901?i=1000496598362,
13,2020-11-27,5:30pm - 7:30pm PST,I Can't Give You a Child,Where Should We Begin?,"relationships",https://gimletmedia.com/shows/where-should-we/j4hxl4,https://open.spotify.com/episode/4DpP0CD9amKUop5dusfFC0,https://www.stitcher.com/s?eid=53770816&autoplay=1,https://podcasts.apple.com/us/podcast/where-should-we-begin-with-esther-perel/id1237931798,
14,2020-12-11,5:30pm - 7:30pm PST,White v. White?,Invisibilia,"racism",https://www.npr.org/programs/invisibilia/822281163/white-v-white,https://open.spotify.com/episode/7qaOL6hGv2uOWxWJigNYNR?si=C9cDZaX0TXaM1sDPIxOtBQ,https://www.stitcher.com/s?eid=68361938&autoplay=1,https://podcasts.apple.com/us/podcast/white-v-white/id953290300?i=1000469686632,https://www.dropbox.com/s/rzycpj82e59shjv/20201211_invsb_200326_invis_wvw_final_bounce.mp3?dl=0
15,2021-01-08,5:30pm - 7:30pm PST,How Art Changes Us,TED Radio Hour,"society",https://www.npr.org/programs/ted-radio-hour/559959855,https://open.spotify.com/episode/5LEIa0fbzMAvLPu3YyCeIK?si=alpuTWTcSya340Y-w0ZNKg,https://www.stitcher.com/show/22946/episode/63873452,https://podcasts.apple.com/us/podcast/how-art-changes-us/id523121474?i=1000449599727,
16,2021-01-22,5:30pm - 7:30pm PST,The Untold Story of Lyndie B. Hawkins,Hidden Brain,"racism,society",https://www.npr.org/2020/07/13/890610437/culture-wars-and-the-untold-story-of-lyndie-b-hawkins,https://open.spotify.com/episode/65fSPWYiyiq8XKtWWbQr0Z?si=FV_KJf4OTDirdTjMfkzdtg,Check out The Untold Story Of Lyndie B. Hawkins https://www.stitcher.com/show/71231/episode/76320134,https://podcasts.apple.com/us/podcast/the-untold-story-of-lyndie-b-hawkins/id1028908750?i=1000485564292,https://www.dropbox.com/s/0u76o4a3cpoiign/20210122_hiddenbrain_hb_-_lyndie_-_072020-1f1903d6-6c57-472c-8320-845c004e165d.mp3?dl=0
17,2021-02-05,5:30pm - 7:30pm PST,"Ep 2: Casting Shade: Shade Inequity, Health, and Spatial Justice",Not Built For Us,"racism,climate change,spatial justice,health",https://www.notbuiltforus.com/ep-2-casting-shade,https://open.spotify.com/episode/3hoqTjopurmbokFU1fr5A3?si=7k64PvQaTc-oii5XF0GIQg,,https://podcasts.apple.com/us/podcast/ep-2-casting-shade-shade-inequity-health-spatial-justice/id1524160721?i=1000485572730,https://www.dropbox.com/s/ozmaz7fhexr2jfv/20210205%20Ep%202%20-%20Casting%20Shade%20-%20Shade%20Inequity%2C%20Health%2C%20and%20Spatial%20Justice-861412609.mp3?dl=0
18,2021-02-19,5:30pm - 7:30pm PST,"The Test Kitchen,Chapter 1",Reply All,"racism,corporations",https://gimletmedia.com/shows/reply-all/dvhzkdo,https://open.spotify.com/episode/6xleEgZXLj1DklEnb1rI2A?si=L311qauxR7KqE7KzkVefxg,https://www.stitcher.com/show/56516/episode/81363708,https://podcasts.apple.com/us/podcast/172-the-test-kitchen-chapter-1/id941907967?i=1000507668077
19,2021-03-05,5:30pm - 7:30pm PST,Soraya,Heavyweight,"depression",https://gimletmedia.com/shows/heavyweight/gmhnm6,https://open.spotify.com/episode/0GEVgoNZVFn8U0ApdXC0NX?si=lRAAFiApRhig7RsStA7FjA,https://www.stitcher.com/show/heavyweight/episode/57133682,https://podcasts.apple.com/us/podcast/soraya/id1150800298?i=1000423460233
20,2021-03-19,5:30pm - 7:30pm PST,"I Don't Want to Be Your Caregiver, I Want to Be Your Wife",Where Should We Begin?,"relationships",https://gimletmedia.com/shows/where-should-we/emhlwz,https://open.spotify.com/episode/7kRy92M3OqeiHG50KExhRB?si=bHaJbk4FTtCHFpBF_x9-HQ,https://www.stitcher.com/show/140046/episode/54268658,https://podcasts.apple.com/us/podcast/where-should-we-begin-with-esther-perel/id1237931798?i=1000410052994,
21,2021-04-02,5:30pm - 7:30pm PST,Radically Normal,Hidden Brain,"society,social justice",https://www.npr.org/2019/04/03/709567750/radically-normal-how-gay-rights-activists-changed-the-minds-of-their-opponents,https://open.spotify.com/episode/7o8TfmllQqr3BQ1dDOwipV?si=_PrYFxlXQJyh2FNBsnXSqA,https://www.stitcher.com/show/71231/episode/82230033,https://podcasts.apple.com/us/podcast/radically-normal/id1028908750?i=1000512160627,https://www.dropbox.com/s/cy20pyp5m9emzn8/20210403%20hiddenbrain_radically_normal_april_8_2019_hb_mix-3daa9064-bd82-48db-8b29-437a0a249b32.mp3?dl=0
22,2021-04-16,5:30pm - 7:30pm PST,Missing the Bus,99% Invisible,"infrastructure,climate change,equity,transit",https://99percentinvisible.org/episode/missing-the-bus/,https://open.spotify.com/episode/1AJ8UwJCw3G6Fp9fYxMcxO?si=sr99api9T9yOP2RbD0RoHQ,https://www.stitcher.com/show/16374/episode/67094704,https://podcasts.apple.com/us/podcast/388-missing-the-bus/id394775318?i=1000464639682,https://www.dropbox.com/s/c1hfghday189ljp/20210416%2001_388_Missing_the_Bus_pt_01.mp3?dl=0
23,2021-04-30,5:30pm - 7:30pm PST,"Sex, Identity, and Racial Fetishization",Not Your Model Minority,"colonialism,racism,sexuality,identity,society,lgbtq",https://www.notyourmodelminority.ca/episodes/episode-5-sex-identity-and-racial-fetishization,https://open.spotify.com/episode/2ZjB48pBf9VTvbm3WKZTh4?si=UqoZpQnITJqlvmIIOnoQYA&context=spotify%3Ashow%3A2GSgmmB6JuVdnsn9rKDHlP,https://www.stitcher.com/show/553994/episode/77566447,https://podcasts.apple.com/us/podcast/episode-5-sex-identity-and-racial-fetishization/id1523016516?i=1000490569866
24,2021-05-14,5:30pm - 7:30pm PST,"I Used To Be An Incel Who Hated Women","Other People's Lives","sexism,society,interview,internet",https://www.youtube.com/watch?v=pfox6GrwbyM,https://open.spotify.com/episode/50Xq4bsVzEfHxnUP27kEcU?si=ydtu2VbySxueO_Sq0XUKsg&dl_branch=1,https://www.stitcher.com/show/135396/episode/78967116,https://podcasts.apple.com/us/podcast/i-used-to-be-an-incel-who-hated-women/id1209912119?i=1000496474678,
25,2021-05-28,5:30pm - 7:30pm PST,"Facebook's Supreme Court","Radiolab","politics,society,internet",https://www.wnycstudios.org/podcasts/radiolab/articles/facebooks-supreme-court,https://open.spotify.com/episode/1E3RlMgoNxlfc9MZRM8QbN?si=madDSXZtRaGEmTWwBhg71w,https://www.stitcher.com/show/5459/episode/81587944,https://podcasts.apple.com/us/podcast/radiolab/id152249110?i=1000508726239,
26,2021-06-16,5:30pm - 7:30pm PST,"Useful Delusions","Hidden Brain","psychology,science,behavior",https://hiddenbrain.org/podcast/useful-delusions/,https://open.spotify.com/episode/3snD8KPFWEP5Fh6G48QSj7?si=f_KdOgR-RWC9Ah5opA1_Dg&dl_branch=1,https://listen.stitcher.com/yvap/?c=sharelink&af_dp=stitcher://episode/82937699&af_web_dp=https://www.stitcher.com/episode/82937699&deep_link_value=stitcher://episode/82937699,https://podcasts.apple.com/us/podcast/useful-delusions/id1028908750?i=1000515869497,
27,2021-06-30,5:30pm - 7:30pm PST,"The Man Who Teaches Our Cops To Kill","Behind the Bastards","police",https://www.iheart.com/podcast/105-behind-the-bastards-29236323/episode/the-man-who-teaches-our-cops-63257870/,https://open.spotify.com/playlist/5ihHcSunSXph8GDuNn9WC9?si=k8KIjkT4Qdeg17MJv3bxeQ&dl_branch=1,https://listen.stitcher.com/yvap/?c=sharelink&af_dp=stitcher://episode/70076786&af_web_dp=https://www.stitcher.com/episode/70076786&deep_link_value=stitcher://episode/70076786,https://podcasts.apple.com/us/podcast/the-man-who-teaches-our-cops-to-kill/id1373812661?i=1000476406446,
28,2021-07-14,5:30pm - 7:30pm PST,"Episode 213: Square Dancing (Entry 1211.JB2111)","Omnibus","culture,history,antisemitism",https://www.omnibusproject.com/213,https://open.spotify.com/episode/6rSTwGhBFR9wNbj42QN3Ia?si=9Ck6nxO0REuKyQ-rvj22RA&dl_branch=1,https://listen.stitcher.com/yvap/?c=sharelink&af_dp=stitcher://episode/65901352&af_web_dp=https://www.stitcher.com/episode/65901352&deep_link_value=stitcher://episode/65901352,https://podcasts.apple.com/us/podcast/episode-213-square-dancing-entry-1211-jb2111/id1318335827?i=1000459183188,https://www.dropbox.com/s/pfiz9dauh7nfjon/20210714%20Square%20Dancing%20-%20Omnibus.mp3?dl=0
29,2021-07-28,5:30pm - 7:30pm PST,"Race, Gender and Money","How's Work?","racism,sexism,relationships",https://howswork.estherperel.com/episodes/s2-episode-2-race-gender-and-money,https://open.spotify.com/episode/3yOHq0EXKCbDfadKXMNd6J?si=z2VRaVaYSbekrIQleWaeeA&dl_branch=1,https://listen.stitcher.com/yvap/?c=sharelink&af_dp=stitcher://episode/85386685&af_web_dp=https://www.stitcher.com/episode/85386685&deep_link_value=stitcher://episode/85386685,https://podcasts.apple.com/us/podcast/race-gender-and-money/id1497580407?i=1000528720777,
30,2021-08-11,5:30pm - 7:30pm PST,"Glenn Adamson on Material Intelligence","The History of Philosophy Without Any Gaps","philosophy",https://historyofphilosophy.net/glenn-adamson-material-intelligence,https://open.spotify.com/episode/4CCItxcbDPI6cEZpVjbxQL?si=_L7n1kMDRFyCcK1TRHzMcw&dl_branch=1,https://listen.stitcher.com/yvap/?c=sharelink&af_dp=stitcher://episode/55736359&af_web_dp=https://www.stitcher.com/episode/55736359&deep_link_value=stitcher://episode/55736359,https://podcasts.apple.com/us/podcast/history-of-philosophy-without-any-gaps/id396903391?i=1000417635255,https://www.dropbox.com/s/iox2i2rhykl75pa/20210812%20-%20Bonus_episode_Glenn_Adamson.mp3%3Fpbss%3D7c508161-69b7-52d8-8eac-79cb23cb29e9.mp3?dl=0
31,2021-08-25,5:30pm - 7:30pm PST,"The Metrosexual","Decoder Ring","gender,culture,history",https://slate.com/podcasts/decoder-ring/2020/06/the-metrosexual-craze-david-beckham-queer-eye,https://open.spotify.com/episode/73XOUMOeqkFWYrCcaRMJqd?si=b8116cda7b9f4c89,https://listen.stitcher.com/yvap/?c=sharelink&af_dp=stitcher://episode/70729667&af_web_dp=https://www.stitcher.com/episode/70729667&deep_link_value=stitcher://episode/70729667,https://podcasts.apple.com/us/podcast/the-metrosexual/id1376577202?i=1000477491675
32,2021-09-22,5:30pm - 7:30pm PST,"Supreme Court's Texas Abortion Law Decision Explained","Advisory Opinions","law,society,civil rights",https://advisoryopinions.thedispatch.com/p/supreme-courts-texas-abortion-law,https://open.spotify.com/episode/2t64A2SgLkiiSGv9GFJKy8?si=e98ef678fb484746,https://listen.stitcher.com/yvap/?c=sharelink&af_dp=stitcher://episode/200231973&af_web_dp=https://www.stitcher.com/episode/200231973&deep_link_value=stitcher://episode/200231973,https://podcasts.apple.com/us/podcast/supreme-courts-texas-abortion-law-decision-explained/id1490993194?i=1000534150909
33,2021-10-06,5:30pm - 7:30pm PST,"Episode 51: Money Tree","Criminal & Radiotopia","relationships,justice",https://thisiscriminal.com/episode-51-money-tree-8-23-2016/,https://open.spotify.com/episode/7maDmC6ldBsd0TVrpNhgNI?si=7a771d14e3494d8e,https://listen.stitcher.com/yvap/?c=sharelink&af_dp=stitcher://episode/46548330&af_web_dp=https://www.stitcher.com/episode/46548330&deep_link_value=stitcher://episode/46548331,https://podcasts.apple.com/us/podcast/episode-51-money-tree/id809264944?i=1000375686705,https://www.dropbox.com/s/rjm5skfrxxxmxix/20211006%20Episode_51_Money_Tree_midroll_update_Part_1.mp3?dl=0
34,2021-10-06,5:30pm - 7:30pm PST,"Episode 125: The Less People Know About Us","Criminal & Radiotopia","relationships,justice",https://thisiscriminal.com/episode-125-the-less-people-know-about-us-10-25-2019/,https://open.spotify.com/episode/2BMVBXq27vUmYGgcEFClYu?si=97f52f0b6b554b05,https://listen.stitcher.com/yvap/?c=sharelink&af_dp=stitcher://episode/64835238&af_web_dp=https://www.stitcher.com/episode/64835238&deep_link_value=stitcher://episode/64835238,https://podcasts.apple.com/us/podcast/episode-125-the-less-people-know-about-us/id809264944?i=1000454860857,https://www.dropbox.com/s/3551a033q1rxiou/20211006%20Episode_125_The_Less_People_Know_About_Us_Part_1.mp3?dl=0
35,2021-11-02,5:30pm - 7:30pm PST,"The Queen in All of Us | Wyn Wiley/Pattie Gonia Part 1","Unlikely Stories Podcast","lgbtq,enviromentalism,identity,interview",https://www.outdoors.org/resources/amc-outdoors/features/wyn-wiley-pattie-gonia-part-1-the-queen-in-all-of-us/,https://open.spotify.com/episode/7nLhCXKdyUELX1920T7QwC?si=4OQxF7i8Q4usskd1LNI5sg,,https://podcasts.apple.com/us/podcast/the-queen-in-all-of-us-wyn-wiley-pattie-gonia-part-1/id1582812426?i=1000539131393,
36,2021-11-02,5:30pm - 7:30pm PST,"The Queen in All of Us | Wyn Wiley/Pattie Gonia Part 2","Unlikely Stories Podcast","lgbtq,enviromentalism,identity,interview",https://www.outdoors.org/resources/amc-outdoors/features/wyn-wiley-pattie-gonia-part-ii-the-queen-in-all-of-us/,https://open.spotify.com/episode/4L0E68A2MJOzJ1vdqkcJ9u?si=vfyqZLO0TGyCqAUQd0deTw,,https://podcasts.apple.com/us/podcast/the-queen-in-all-of-us-wyn-wiley-pattie-gonia-part-ii/id1582812426?i=1000539841863,
37,2021-11-16,5:30pm - 7:30pm PST,"Environmentalist Drag Queen Pattie Gonia Says The Outdoors Is for Everyone","How to Save a Planet","lgbtq,enviromentalism",https://gimletmedia.com/shows/howtosaveaplanet/gmhogdm,https://open.spotify.com/episode/00Zd5ajE868yU9i04zbptx?si=i7dRKBKpQHWezfMpcqGS1A,,,
38,2021-11-30,5:30pm - 7:30pm PST,"F Your Bayonet","Resistance","racism,civil rights,politics",https://gimletmedia.com/shows/resistance/j4hoboz,https://open.spotify.com/episode/7xETr95pQzU84SgTZ5GMrR?si=kX_8qx2zRSWaKsH_bKcItw,,,
39,2021-12-14,5:30pm - 7:30pm PST,"The Help Yourself City","99% Invisible","placemaking,diy,infrastructure,urban planning,privilege,spatial justice",https://99percentinvisible.org/episode/the-help-yourself-city/,https://open.spotify.com/episode/5jHcfSy0gdDHzjXg8BOj2W?si=9c1c2a9212674e13,https://listen.stitcher.com/yvap/?c=sharelink&af_dp=stitcher://episode/64294852&af_web_dp=https://www.stitcher.com/episode/64294852&deep_link_value=stitcher://episode/64294852,https://podcasts.apple.com/us/podcast/372-the-help-yourself-city/id394775318?i=1000519252447,https://www.dropbox.com/s/avgn8oq5pagx0eq/20211214%20The%20Help%20Yourself%20City.mp3?dl=0
40,2021-12-28,5:30pm - 7:30pm PST,"Internet Mob Justice","Annex Sociology Podcast","society,justice,internet",https://queenspodcastlab.org/podcast/internet-mob-justice/,https://open.spotify.com/episode/1n0TiCsSqdIT4sjEWcupD4?si=57a16b203d934bf7,https://listen.stitcher.com/yvap/?c=sharelink&af_dp=stitcher://episode/66520454&af_web_dp=https://www.stitcher.com/episode/66520454&deep_link_value=stitcher://episode/66520454,https://podcasts.apple.com/us/podcast/internet-mob-justice/id1282433611?i=1000462325718,https://www.dropbox.com/s/x2kffddtqhvg7he/20211228%20s06e02-Internet-Mob-Justice.mp3?dl=0
41,2022-01-11,5:30pm - 7:30pm PST,"Prologue: What Couples Therapy Teaches Us About Work","How's Work?","relationships,work,identity",https://howswork.estherperel.com/episodes/prologue,https://open.spotify.com/episode/3ZFH8ThUxcIcCoAvvQVdvZ?si=93jMJ1JlRJW-cKdTdDlPLA,https://www.stitcher.com/podcast/gimlet/hows-work-with-esther-perel/e/67059028,https://podcasts.apple.com/us/podcast/prologue-what-couples-therapy-teaches-us-about-work/id1497580407?i=1000464498350,
42,2022-01-25,5:30pm - 7:30pm PST,"The Empowerment of Estrangement: Choosing Your Parental Relationships","Whoopsie Daisy: Stumbling Through Your Teenage Years","relationships,parenting,law",https://anchor.fm/daisy-friedman/episodes/The-Empowerment-of-Estrangement-Choosing-Your-Parental-Relationships-ej4v5s/a-a2d4c71,https://open.spotify.com/show/2xmhCSFLWS3464bSgQG1cX,,,
43,2022-02-08,5:30pm - 7:30pm PST,"News Brief: The Casual Soft Eugenics of Self-Help “Friendscaping” Content","Citations Needed","self-help,eugenics,society",https://citationsneeded.medium.com/news-brief-the-casual-soft-eugenics-of-self-help-friendscaping-content-1abd90bdf350,https://open.spotify.com/episode/3ipZE7lslTw667pPiV7rRD?si=07917ea87d674ad9,https://listen.stitcher.com/yvap/?c=sharelink&af_dp=stitcher://episode/84765638&af_web_dp=https://www.stitcher.com/episode/84765638&deep_link_value=stitcher://episode/84765638,https://podcasts.apple.com/us/podcast/news-brief-the-casual-soft-eugenics-of-self/id1258545975?i=1000525762631,
44,2022-02-22,5:30pm - 7:30pm PST,"Dying of Whiteness: A doctor's deadly diagnosis of racial resentment","What and Why with Max Roth","racism,society,health,politics,interview",https://www.iheart.com/podcast/268-what-and-why-with-max-roth-30564203/episode/dying-of-whiteness-a-doctors-deadly-30735844/,https://open.spotify.com/episode/2FYbrTOllMaGaWFDXG5aHD?si=42ac6a6521a34173,https://listen.stitcher.com/yvap/?af_dp=stitcher://episode/59608772&af_web_dp=https://www.stitcher.com/episode/59608772,https://podcasts.apple.com/us/podcast/dying-of-whiteness-a-doctors-deadly-diagnosis/id1452631270?i=1000433295236,
45,2022-03-08,5:30pm - 7:30pm PST,"We Need to Talk about Aleksandr Dugin","No Easy Answers","society,philosophy,political theory,current events,politics",https://smarturl.it/noeasyanswers,https://open.spotify.com/episode/2apIOOI8WrrbPoyAq5m3sN?si=963337d1c44d47cf,,https://podcasts.apple.com/us/podcast/no-easy-answers/id1515057703?uo=4&ls=1&at=1l3vpUI&ct=9pqn8a%7Ct.co,
46,2022-03-22,5:30pm - 7:30pm PST,"Loneliness and Connection with Dr. Vivek Murthy","Unlocking Us with Brené Brown","psychology,relationships,health",https://brenebrown.com/podcast/dr-vivek-murthy-and-brene-on-loneliness-and-connection/,https://open.spotify.com/episode/5k83Zo3xagECvKANgmcRTl?si=894b00f3e9d242c9,,,
47,2022-04-07,7:30pm - 9:30pm PST,"Heavyweight Short: The Sharing Place","Heavyweight","grief,trauma,behavior",https://www.listennotes.com/podcasts/heavyweight/a-heavyweight-short-the-XIkabohTnzZ/,https://open.spotify.com/episode/4ObhPZdfvyt0KKaaLPdwAW?si=4czf4_b9Qc2ZlS6OWcF_LA,,,
48,2022-04-21,7:30pm - 9:30pm PST,"Schizophrenia and Black Politics: Jonathan Metzl","Madness Radio","mental health,psychology,society,history,racism,sexism,interview",https://www.madnessradio.net/madness-radio-schizophrenia-and-black-politics-jonathan-metzl/,https://open.spotify.com/episode/277kUamYLV6NAmStrlOvIT?si=bc4aa832d1f246fc,,https://podcasts.apple.com/us/podcast/schizophrenia-and-black-politics-jonathan-metzl/id268090544?i=1000318660851,https://www.dropbox.com/s/qt3apumd96sb3yf/20220421%20MadnessRadio-2010-06-11SchizophreniaAndBlackPoliticsJonathanMetzl.mp3?dl=0
49,2022-05-19,7:30pm - 9:30pm PST,"UnErased: Dr. Davison and the Gay Cure","UnErased: The History of Conversion Therapy in America","history,lgbtq,psychology,identity,behavior","https://www.wnycstudios.org/podcasts/radiolab/articles/unerased-davidson-gay-cure",https://open.spotify.com/episode/6Pt1NEWZArzikFliDiQ2gz?si=613b24a0dcae4e79,https://www.stitcher.com/show/unerased-the-history-of-conversion-therapy-in-america/episode/3-dr-davison-and-the-gay-cure-200149673,https://podcasts.apple.com/us/podcast/dr-davison-and-the-gay-cure/id1439513792?i=1000423964953,
50,2022-06-02,7:30pm - 9:30pm PST,"Heavyweight Short: Hallie",Heavyweight,"storytelling",https://gimletmedia.com/shows/heavyweight/8whmev5,https://open.spotify.com/episode/7nH4q5cQ8pAVDefoNd1XK5,,,
51,2022-06-16,6:00pm - 8:00pm PST,"May We Have This Dance?","Rough Translation","history,racism,culture,dance",https://www.npr.org/2021/12/22/1066965712/may-we-have-this-dance,https://open.spotify.com/episode/3imLdCYqOEjgpPoVoeFyXK,https://www.stitcher.com/show/rough-translation/episode/may-we-have-this-dance-89206441,https://podcasts.apple.com/us/podcast/may-we-have-this-dance/id1268047665?i=1000545862977,https://www.dropbox.com/s/1uqlem2yhkyncl2/20220622%2020220112_roughtranslation_rt_lindy_hop_gm_mastered_v5_w_retrack.mp3_c8ae98177b3211bff46fe706a3e6ea30_44182215.mp3?dl=0
52,2022-06-30,6:00pm - 8:00pm PST,"Jesus Was An Enemy Of The State","Resistance","religion,politics,society,love",https://gimletmedia.com/shows/resistance/94hmjmm,https://open.spotify.com/episode/7Fkc6dAcQhlFCbOVbDc60T,,,
53,2022-07-14,6:00pm - 8:00pm PST,"Bring Friends & Family to the Table in a Way that Nourishes Life and Sport with Biju Thomas & Allen Lim","Talk Healthy Today","food,nutrition,culture,health",https://www.iheart.com/podcast/48-talk-healthy-today-27542940/episode/bring-friends-family-to-the-80497938/,https://open.spotify.com/episode/7BJ1oVhIuuCh0j81uAtmGW?si=827357e5ba184458,https://listen.stitcher.com/yvap/?af_dp=stitcher://episode/82917519&af_web_dp=https://www.stitcher.com/episode/82917519,https://podcasts.apple.com/us/podcast/bring-friends-family-to-the-table-in-a-way/id1122095672?i=1000515767639,
54,2022-07-28,6:00pm - 8:00pm PST,"Right to be Forgotten","Radiolab","society,interview,civil rights,internet",https://radiolab.org/episodes/radiolab-right-be-forgotten,https://open.spotify.com/show/2hmkzUtix0qTqvtpPcMzEL,https://www.stitcher.com/show/wnycs-radiolab/episode/right-to-be-forgotten-63410933,https://podcasts.apple.com/us/podcast/right-to-be-forgotten/id152249110?i=1000447612390,
55,2022-08-11,6:00pm - 8:00pm PST,Maia Szalavitz on The Case For Harm Reduction,The One You Feed,"racism,drugs,society,health,mental health,addiction",https://www.oneyoufeed.net/case-for-harm-reduction/,https://open.spotify.com/episode/56l77amf1fF4x0R8qY2kBr?si=fd0840bbbff142d7,https://www.stitcher.com/show/the-one-you-feed/episode/maia-szalavitz-on-the-case-for-harm-reduction-200232411,https://podcasts.apple.com/us/podcast/maia-szalavitz-on-the-case-for-harm-reduction/id792555885?i=1000535345203&l=pl,
56,2022-08-25,6:00pm - 8:00pm PST,G: Unfit,Radiolab,"ableism,disability,society,eugenics,bodily autonomy,parenting",https://radiolab.org/episodes/g-unfit,https://open.spotify.com/show/2hmkzUtix0qTqvtpPcMzEL,https://www.stitcher.com/show/wnycs-radiolab/episode/g-unfit-62624836,https://podcasts.apple.com/us/podcast/g-unfit/id152249110?i=1000444689017,
57,2022-09-08,6:00pm - 8:00pm PST,"“I Dont Feel Like a Boy,I Am a Boy”",A Slight Change of Plans,"lgbtq,transgender,parenting,gender",https://www.pushkin.fm/podcasts/a-slight-change-of-plans/i-dont-feel-like-a-boy-i-am-a-boy,https://open.spotify.com/episode/3BVQS8lO8xnsCcU6XOP3IO?si=66d0257131d64fef,https://listen.stitcher.com/yvap/?af_dp=stitcher://episode/203619739&af_web_dp=https://www.stitcher.com/episode/203619739&deep_link_value=stitcher://episode/203619739,https://podcasts.apple.com/us/podcast/i-dont-feel-like-a-boy-i-am-a-boy/id1561860622?i=1000564572793,
58,2022-10-06,6:00pm - 8:00pm PST,INVCEL,Reply All,"society,internet,identity",https://gimletmedia.com/shows/reply-all/76h59o/,https://open.spotify.com/episode/6uUvil2myRFiIS4eHcl6P8,https://www.stitcher.com/show/reply-all/episode/120-invcel-54420189,https://geo.itunes.apple.com/us/podcast/reply-all/id941907967?mt=2&uo=6&at=1000lSb9&ct=gimweb
59,2022-10-20,6:00pm - 8:00pm PST,Love Bombing: Khan Date 1,This Is Dating,"relationships,self-help",https://www.thisisdatingpodcast.com/love-bombing-khan-date-1/,https://open.spotify.com/show/7GkT9XuqjpFFdFEgFwOoln,https://www.stitcher.com/show/this-is-dating/episode/love-bombing-khan-date-1-89919290,https://podcasts.apple.com/us/podcast/id1600488969?mt=2&ls=1,
60,2022-11-17,6:00pm - 8:00pm PST,The Right Stuff,Radiolab,"disability,society,science",https://radiolab.org/episodes/right-stuff,https://open.spotify.com/show/2hmkzUtix0qTqvtpPcMzEL,https://www.stitcher.com/show/wnycs-radiolab/episode/the-right-stuff-201743652,https://podcasts.apple.com/us/podcast/the-right-stuff/id152249110?i=1000555223760,
61,2022-12-01,6:00pm - 8:00pm PST,A Blind Cook Becomes a Master Chef,A Slight Change of Plans,"disability,interview",https://www.pushkin.fm/podcasts/a-slight-change-of-plans/a-blind-cook-becomes-a-master-chef,https://open.spotify.com/show/6RVl1JmKwf2Qh7JR2OdYhT?si=nDHpvNT7QHuY6DCrVE247A,https://www.stitcher.com/show/slight-change-of-plans/episode/a-blind-cook-becomes-a-master-chef-90799363,https://podcasts.apple.com/us/podcast/a-slight-change-of-plans/id1561860622,
62,2022-12-15,6:00pm - 8:00pm PST,"We Don't Say That",Rough Translation,"racism,language,society,international",https://www.npr.org/2019/04/30/718729150/we-dont-say-that,https://open.spotify.com/episode/3KH3YuRabFByRYRwaJTTMP?si=02276999dd474421,https://www.stitcher.com/show/rough-translation/episode/we-dont-say-that-60376382,https://podcasts.apple.com/au/podcast/we-dont-say-that/id1268047665?i=1000436976171,
63,2022-12-29,6:00pm - 8:00pm PST,"Ashley C. Ford Breaks Up With The Man She Married","My Best Break-Up","storytelling,relationships",https://hello-sunshine.com/post/my-best-break-up-ashley-c-ford-breaks-up-with-the-man-she-married,https://open.spotify.com/episode/2DhczJWghpKhZk1fV4WDhA?si=91616faba1db4a82,https://www.stitcher.com/show/my-best-breakup/episode/ashley-c-ford-breaks-up-with-the-man-she-married-57919438,https://podcasts.apple.com/us/podcast/ashley-c-ford-breaks-up-with-the-man-she-married/id1438277309?i=1000426614339,
64,2023-01-12,6:00pm - 8:00pm PST,"Sara","Heavyweight","friendship,trauma,memories,childhood",https://gimletmedia.com/shows/heavyweight/o2hmdgv,https://open.spotify.com/episode/7fWIgYUbfqfHRDP8c16Py8?si=abeb24f5530b493a,,,
65,2023-01-26,6:00pm - 8:00pm PST,Criminalizing Mothers,Justice In America,"parenting,society,equity,law,bias",https://theappeal.org/justice-in-america-episode-23-criminalizing-mothers/,https://open.spotify.com/episode/75rYU7UfkcUG0vsmAs5eeZ?si=c2320a1a4c7748af,https://www.stitcher.com/show/justice-in-america/episode/episode-23-criminalizing-mothers-67942798,https://podcasts.apple.com/us/podcast/criminalizing-mothers/id1410847713?i=1000468086283
66,2023-02-09,6:00pm - 8:00pm PST,You Are Burned Out And Don't Even Know It,HealthyGamerGG,"mental health,work",https://anchor.fm/healthygamer/episodes/You-Are-Burned-Out-And-Dont-Even-Know-It-e1q1c0v,https://open.spotify.com/show/6VaJwyS2KXxiXqR77jqzmP,,https://podcasts.apple.com/us/podcast/healthygamergg/id1493025986?uo=4
67,2023-02-23,6:00pm - 8:00pm PST,Knockoffs: Articles of Interest #8,99% Invisible,"culture,law",https://99percentinvisible.org/episode/knockoffs-articles-of-interest-8/,https://open.spotify.com/episode/14CzJGWJK2szqZqSOKiAsQ?si=28690baf8b7b41c3,https://www.stitcher.com/show/articles-of-interest/episode/8-knockoffs-72075301,https://podcasts.apple.com/us/podcast/8-knockoffs/id1455169228?i=1000479153314
68,2023-03-09,6:00pm - 8:00pm PST,Normalization of Deviance,Safety Chats,"behavior,self-help",https://safetychatspodcast.buzzsprout.com/1919970/12213627-normalization-of-deviance,https://open.spotify.com/episode/6NZVrlhG6OP8blILviADOG?si=A7HXwVhxQvGeVNEWV1Dztg,https://www.stitcher.com/show/safety-chats-podcast/episode/normalization-of-deviance-211884213,https://podcasts.apple.com/us/podcast/normalization-of-deviance/id1609273831?i=1000599414144,
69,2023-03-23,6:00pm - 8:00pm PST,Custer's Revenge,Decoder Ring,"racism,sexism,sexual assault,internet",https://slate.com/podcasts/decoder-ring/2021/12/custers-revenge-racist-sexist-trolling,https://open.spotify.com/episode/5kUG0JpYC93l750sPHtvq1?si=7cb5b84171ff4108, https://listen.stitcher.com/yvap/?af_dp=stitcher://episode/89204947&af_web_dp=https://www.stitcher.com/episode/89204947&deep_link_value=stitcher://episode/89204947,https://podcasts.apple.com/us/podcast/custers-revenge/id1376577202?i=1000545865612
70,2023-04-06,6:00pm - 8:00pm PST,Pro-Aging: Why the Best is Yet to Come with Ashton Applewhite,We Can Do Hard Things with Glennon Doyle,"ageism,society,equity,ableism,disability",https://shows.cadence13.com/podcast/wcdht/episodes/81734cdc-96e6-41f6-8346-2ac82eda54b2,https://open.spotify.com/episode/6FTQroC5UqJff8prAQ4edB?si=3679cf4710f74e93, https://listen.stitcher.com/yvap/?af_dp=stitcher://episode/201669645&af_web_dp=https://www.stitcher.com/episode/201669645&deep_link_value=stitcher://episode/201669645,https://podcasts.apple.com/us/podcast/pro-aging-why-the-best-is-yet-to-come-with-ashton-applewhite/id1564530722?i=1000555063470,
71,2023-04-20,6:00pm - 8:00pm PST,I Can Be Strong And Be Taken Care Of,Where Should We Begin?,"relationships,lgbtq,trauma,",https://www.estherperel.com/podcasts/wswb-s5-episode5,https://open.spotify.com/episode/7vy0VgseePZWaZiSCGBVLk?si=9f9e05b624a64d93,https://www.stitcher.com/show/where-should-we-begin-with-esther-perel/episode/i-can-be-strong-and-be-taken-care-of-89353709,https://podcasts.apple.com/us/podcast/i-can-be-strong-and-be-taken-care-of/id1237931798?i=1000546494087,
72,2023-05-04,6:00pm - 8:00pm PST,Rethinking Addiction with Maia Szalavitz,The Psychology Podcast,"addiction,mental health,drugs,disability,neurodiversity",https://scottbarrykaufman.com/podcast/rethinking-addiction-maia-szalavitz/,https://open.spotify.com/episode/3ec8FsLVjfDd2qGauD7LrW?si=dcb976a619074c71, https://listen.stitcher.com/yvap/?af_dp=stitcher://episode/51385865&af_web_dp=https://www.stitcher.com/episode/51385865&deep_link_value=stitcher://episode/51385865,https://podcasts.apple.com/fi/podcast/102-rethinking-addiction/id942777522?i=1000391911392
73,2023-05-18,6:00pm - 8:00pm PST,Another Roadside Attraction,Heavyweight,"depression, suicide,racism,storytelling",https://gimletmedia.com/shows/heavyweight/wbhx37x,https://open.spotify.com/episode/45UKMK1EZKeT2l0EwRbeYc?si=834c718bef2a4e2f
74,2023-06-01,6:00pm - 8:00pm PST,"I’m Not as Free as I Thought",A Slight Change of Plans,"racism,gender,transgender,police",https://www.pushkin.fm/podcasts/a-slight-change-of-plans/im-not-as-free-as-i-thought,https://open.spotify.com/episode/33dHXJFkRkz1Vpx6ZJGVtA?si=1d028f05adc94a77,https://www.stitcher.com/show/slight-change-of-plans/episode/im-not-as-free-as-i-thought-85590780,https://podcasts.apple.com/sk/podcast/im-not-as-free-as-i-thought/id1561860622?i=1000529667847
75,2023-06-22,6:00pm - 8:00pm PST,Butt Stuff,Radiolab,"racism,history,eugenics,body image",https://radiolab.org/podcast/butt-stuff,https://open.spotify.com/episode/77gMAsuQzQAR0ltaIquWUm?si=874f20cfc8dc40e5, https://listen.stitcher.com/yvap/?af_dp=stitcher://episode/208433824&af_web_dp=https://www.stitcher.com/episode/208433824&deep_link_value=stitcher://episode/208433824,https://podcasts.apple.com/us/podcast/butt-stuff/id152249110?i=1000603490130,
76,2023-07-20,6:00pm - 8:00pm PST,On the Edge,Radiolab,"racism,culture,competition",https://radiolab.org/podcast/edge,https://open.spotify.com/episode/6GJ0oi0H1Kfi0q5Y1XYzmT?si=14a94eb74a924a46,,https://podcasts.apple.com/us/podcast/on-the-edge/id152249110?i=1000614605032
77,2023-08-03,6:00pm - 8:00pm PST,Episode 20: Roselle and Michael,This is Love,"love,disability,disaster",https://thisislovepodcast.com/episode-20-roselle-and-michael/,https://open.spotify.com/episode/4XJstiXh9jxVOYXGwOfkSb?si=d5d1ce223e964e58,,https://podcasts.apple.com/us/podcast/episode-20-roselle-and-michael/id1337100398?i=1000471532103,
77,2023-08-24,6:00pm - 8:00pm PST,The Wellness to QAnon Pipeline,Maintenance Phase,"conspiracy theories,wellness,health,internet",https://maintenancephase.buzzsprout.com/1411126/8492774-the-wellness-to-qanon-pipeline,https://open.spotify.com/episode/3KGTXG3xm9jfxPUUiuU4Gh?si=cbc0e38ba5b8402d,,https://podcasts.apple.com/us/podcast/the-wellness-to-qanon-pipeline/id1535408667?i=1000521333353
78,2023-09-07,6:00pm - 8:00pm PST,The Women Who Influence How America Eats,Code Switch,"sexism,racism,culture,food",https://www.npr.org/2023/03/06/1161311417/priya-krishna-von-diaz-reem-assil-mayukh-sen-on-food-publishing,https://open.spotify.com/episode/0GW6MemXSD3zQczQQ0xwAt?si=bffbb14d76e24e67,,https://podcasts.apple.com/us/podcast/the-women-who-influence-how-america-eats/id1112190608?i=1000603215923
79,2023-10-05,6:00pm - 8:00pm PST,Masculinity - Can It Be Healthy?,HealthyGamerGG,"masculinity,gender,society",https://chartable.com/podcasts/healthygamergg/episodes/125818139-masculinity-can-it-be-healthy,https://open.spotify.com/episode/5rqc1jhMBKMKTE9sXF0d2T?si=fa95eb3121724664,,https://podcasts.apple.com/us/podcast/masculinity-can-it-be-healthy/id1493025986?i=1000582538871
